عقد رقم,تاريخ التقرير ,المقاول,الإستشاري,المهندس المشرف ,المشروع,التصنيف (انارة - طرق ),المحور,نسبة الانجاز المستهدفه,نسبة الانجاز الفعلية,مؤشر أداء المقاول  حسب الاوزان  المستهدف,مؤشر أداء المقاول  حسب الاوزان  الفعلى,نسبة المدة المنقضية,مدة العقد ,عدد الايام المنقضية,عدد الايام المتبقية,نسبة الإنحراف الفعلية,نسبة الانحراف طبقا للاوزان,وزن صيانة اعمدة الانارة,وزن استبدال وتوريد اعمدة الانارة,وزن صيانة وتوريد علب الفيوزات المتهالك,وزن صيانة وتوريد فوانيس الانارة,وزن صيانة وتوريد أذرع أعمدة الانارة,وزن صيانة لوحات توزيع الانارة,وزن توريد وتمديد كوابل أرضية,اجمالى اوزان الانارة,وزن المعاملات,وزن دورات الحفر,وزن الدهانات,وزن الفرقة الرئيسية,وزن الارصفة,وزن السلامة المرورية,وزن الطوارئ,وزن غسيل الدهانات,وزن بنود اخري,اجمالى اوزان الطرق,"التقييم العام للمقاول
",تاريخ بداية المشروع ,تاريخ نهاية المشروع,تاريخ انتهاء المشروع بعد التمديد,أوامر التغيير (نعم - لا ),مده التمديد (يوم ),قيمة العقد (ريال),قيمة امر التغيير,قيمة العقد بعد امر التغيير,القيمة المخطط لها,المنصرف  حسب المستخلصات   ,المنفذ فعلياً  (نسبة الإنجاز) ,الإنحراف عن التكلفة  (CV),مؤشر أداء البرناج الزمني,مؤشر أداء الفرقة الرئيسية التراكمي المستهدف,مؤشر أداء الفرقة الرئيسية التراكمي الفعلى,مؤشر أداء الفرقة الرئيسية التراكمي الفرق,مؤشر أداء الفرقة الرئيسية الشهري المستهدف,مؤشر أداء الفرقة الرئيسية الشهري الفعلى,مؤشر أداء الفرقة الرئيسية الشهري الفرق,مؤشر أداء المعاملات التراكمي المستهدف,مؤشر أداء المعاملات التراكمي الفعلى,مؤشر أداء المعاملات التراكمي الفرق,مؤشر أداء المعاملات الشهري المستهدف,مؤشر أداء المعاملات الشهري الفعلى,مؤشر أداء المعاملات الشهري الفرق,مؤشر أداء الأرصفة التراكمي المستهدف,مؤشر أداء الأرصفة التراكمي الفعلى,مؤشر أداء الأرصفة التراكمي الفرق,مؤشر أداء الأرصفة الشهري المستهدف,مؤشر أداء الأرصفة الشهري الفعلى,مؤشر أداء الأرصفة الشهري الفرق,مؤشر أداء الدهانات التراكمي المستهدف,مؤشر أداء الدهانات التراكمي الفعلى,مؤشر أداء الدهانات التراكمي الفرق,مؤشر أداء الدهانات الشهري المستهدف,مؤشر أداء الدهانات الشهري الفعلى,مؤشر أداء الدهانات الشهري الفرق,مؤشر أداء السلامة المرورية التراكمي  المستهدف,مؤشر أداء السلامة المرورية التراكمي الفعلى,مؤشر أداء السلامة المرورية التراكمي  الفرق,مؤشر أداء السلامة المرورية الشهري  المستهدف,مؤشر أداء السلامة المرورية الشهري  الفعلى,مؤشر أداء السلامة المرورية الشهري  الفرق,مؤشر أداء الطوارئ التراكمي المستهدف,مؤشر أداء الطوارئ التراكمي الفعلى,مؤشر أداء الطوارئ التراكمي الفرق,مؤشر أداء الطوارئ الشهري المستهدف,مؤشر أداء الطوارئ الشهري الفعلى,مؤشر أداء الطوارئ الشهري الفرق,مؤشر غسيل الدهانات التراكمي المستهدف,مؤشر غسيل الدهانات التراكمي الفعلى,مؤشر غسيل الدهانات التراكمي الفرق,مؤشر غسيل الدهانات الشهري المستهدف,مؤشر غسيل الدهانات الشهري الفعلى,مؤشر غسيل الدهانات الشهري الفرق,موشر اعمال أخرى تراكمي المستهدف,موشر اعمال أخرى تراكمي الفعلى,موشر اعمال أخرى تراكمي الفرق,موشر اعمال أخرى الشهري المستهدف,موشر اعمال أخرى الشهري الفعلى,موشر اعمال أخرى الشهري الفرق,مؤشر بلاغات 940 منفذ,مؤشر بلاغات 940 غير منفذ,عدد المخاطر,مخاطر مفتوحه,مخاطر مغلقة, نسبة دورة الحفر 01, نسبة خصم دورة الحفر 01, نسبة دورة الحفر 02, نسبة خصم دورة الحفر 02, نسبة دورة الحفر 03, نسبة خصم دورة الحفر 03, نسبة دورة الحفر 04, نسبة خصم دورة الحفر 04, نسبة دورة الحفر 05, نسبة خصم دورة الحفر 05, نسبة دورة الحفر 06, نسبة خصم دورة الحفر 06,نسبة دورة الحفر 07, نسبة خصم دورة الحفر 07,نسبة دورة الحفر 08, نسبة خصم دورة الحفر 08, نسبة دورة الحفر 09, نسبة خصم دورة الحفر 09, نسبة دورة الحفر 10, نسبة خصم دورة الحفر 10, نسبة دورة الحفر 11, نسبة خصم دورة الحفر 11, نسبة دورة الحفر 12, نسبة خصم دورة الحفر 12,توصيات,وصف المخاطر,السلامة والصحة المهنية,التواصل والاستجابة,تحقيق المستهدفات,الجودة,عقد الاستشاري,عقد المقاول,التقرير الشهري,المستخلص الشهري للمقاول,المستخلص الشهري للاستشاري,المعوقات  - معاملات متأخرة,حاله المشروع,مؤشر اداء التكلفة cpi,رقم تواصل مدير المشروع المقاول,رقم تواصل مدير المشروع الاستشاري,ايميل مدير المشروع المقاول,ايميل مدير المشروع الاستشاري,اسم مدير المشروع المقاول,اسم مدير المشروع الاستشاري,استبدال وتوريد أعمدة الإنارة - تراكمي مستهدف,استبدال وتوريد أعمدة الإنارة - تراكمي فعلي,استبدال وتوريد أعمدة الإنارة - تراكمي فعلي سابق,استبدال وتوريد أعمدة الإنارة - تراكمي الفرق,استبدال وتوريد أعمدة الإنارة - شهري مستهدف,استبدال وتوريد أعمدة الإنارة - شهري فعلي,استبدال وتوريد أعمدة الإنارة - شهري الفرق,صيانة أعمدة الإنارة - تراكمي مستهدف,صيانة أعمدة الإنارة - تراكمي فعلي,صيانة أعمدة الإنارة - تراكمي فعلي سابق,صيانة أعمدة الإنارة - تراكمي الفرق,صيانة أعمدة الإنارة - شهري مستهدف,صيانة أعمدة الإنارة - شهري فعلي,صيانة أعمدة الإنارة - شهري الفرق,صيانة وتوريد علب الفيوزات - تراكمي مستهدف,صيانة وتوريد علب الفيوزات - تراكمي فعلي,صيانة وتوريد علب الفيوزات - تراكمي فعلي سابق,صيانة وتوريد علب الفيوزات - تراكمي الفرق,صيانة وتوريد علب الفيوزات - شهري مستهدف,صيانة وتوريد علب الفيوزات - شهري فعلي,صيانة وتوريد علب الفيوزات - شهري الفرق,صيانة وتوريد فوانيس الإنارة - تراكمي مستهدف,صيانة وتوريد فوانيس الإنارة - تراكمي فعلي,صيانة وتوريد فوانيس الإنارة - تراكمي فعلي سابق,صيانة وتوريد فوانيس الإنارة - تراكمي الفرق,صيانة وتوريد فوانيس الإنارة - شهري مستهدف,صيانة وتوريد فوانيس الإنارة - شهري فعلي,صيانة وتوريد فوانيس الإنارة - شهري الفرق,صيانة وتوريد أذرع أعمدة الإنارة - تراكمي مستهدف,صيانة وتوريد أذرع أعمدة الإنارة - تراكمي فعلي,صيانة وتوريد أذرع أعمدة الإنارة - تراكمي فعلي سابق,صيانة وتوريد أذرع أعمدة الإنارة - تراكمي الفرق,صيانة وتوريد أذرع أعمدة الإنارة - شهري مستهدف,صيانة وتوريد أذرع أعمدة الإنارة - شهري فعلي,صيانة وتوريد أذرع أعمدة الإنارة - شهري الفرق,صيانة لوحات توزيع الإنارة - تراكمي مستهدف,صيانة لوحات توزيع الإنارة - تراكمي فعلي,صيانة لوحات توزيع الإنارة - تراكمي فعلي سابق,صيانة لوحات توزيع الإنارة - تراكمي الفرق,صيانة لوحات توزيع الإنارة - شهري مستهدف,صيانة لوحات توزيع الإنارة - شهري فعلي,صيانة لوحات توزيع الإنارة - شهري الفرق,توريد وتمديد كوابل أرضية - تراكمي مستهدف,توريد وتمديد كوابل أرضية - تراكمي فعلي,توريد وتمديد كوابل أرضية - تراكمي فعلي سابق,توريد وتمديد كوابل أرضية - تراكمي الفرق,توريد وتمديد كوابل أرضية - شهري مستهدف,توريد وتمديد كوابل أرضية - شهري فعلي,توريد وتمديد كوابل أرضية - شهري الفرق,اسم المشروع,قيمة الخصومات,نوع العقد,ملف الداشبورد  ,حاله الاستمارة,المحتوي المحلي,تعويض البيتومين,الادارة التابع لها,رقم البرنامج,رقم المنافسة للسنة المالية,الرقم المرجعي,تاريخ الترسية,نسبة التخفيض,تقييم اعمال المقاول جودة التنفيذ(الفحص البصري), جودة التنفيذ(الفحص البصري)تقييم الاستشاري,عدد تقارير عدم المطابقة (NCR),إجمالي تقارير عدم المطابقة (NCR) ,عدد التقارير المغلقة  (NCR),عدد التقارير المفتوحة (NCR),معدل الاغلاق (يوم) (NCR),عدد العينات المأخوذة (نتائج المختبر),عدد العينات الناجحة (نتائج المختبر),ناجح مع حسم (نتائج المختبر),عدد العينات الراسبة (نتائج المختبر),مجموع حسم العينات (نتائج المختبر),جودة التنفيذ (الفحص البصري) نقاط المقاول,نسبة الاغلاق% (NCR),نسبة النجاح% (نتائج المختبر), كفاءة المعدات نقاط المقاول,كفاءة  الكادر الفني نقاط المقاول, زيارة الخلاط نقاط المقاول, نتيجة التقييم (الجودة)  نقاط المقاول,تقييم الجودة العام طبقا للوزن,التدريب,الامتثال,التشجيع,تقارير الحوادث ,المبادرات,الخصم,التقييم العام للسلامة,التقييم العام للسلامة طبقا للوزن,مؤشر أداء الفرقة الرئيسية التراكمي سابق,مؤشر أداء المعاملات التراكمي سابق,مؤشر أداء الأرصفة التراكمي سابق,مؤشر أداء الدهانات التراكمي سابق,مؤشر أداء السلامة المرورية التراكمي  سابق,مؤشر أداء الطوارئ التراكمي سابق,مؤشر غسيل الدهانات التراكمي سابق,موشر اعمال أخرى تراكمي سابق,مؤشر أداء دورات الحفر الفعلى التراكمي,حاله تحديث البيانات
58,9/30/2025,شركة صرح الحديثة للمقاولات,شركة إيطال كونسلت,م. مقرن عوض الحارثي,صيانة إنارة الطرق المنقولة من وزارة النقل إلي البلديات ( الدرعية - حريملاء - العينة والجبيلة - القصب - المزاحمية - ضرماء - شقراء - أشيقر - مرات  ),إنارة,الشمالى,30.23%,10.46%,30.71%,10.47%,30.71%,1095,336.00,758.00,-19.77%,-20.24%,15.66%,60.81%,2.09%,9.48%,1.71%,2.63%,7.61%,100.00%,,,,,,,,,,0.00%,67.70%,10/29/2024,10/28/2027,,,,19748200.0,,,6065260.69,317625.03,2065661.72,3999598.97,0.34,0.00%,0.00%,0.00%,0.00%,,0.00%,0.00%,0.00%,0.00%,0.00%,,0.00%,0.00%,0.00%,0.00%,0.00%,,0.00%,0.00%,0.00%,0.00%,0.00%,,0.00%,0.00%,0.00%,0.00%,0.00%,,0.00%,0.00%,0.00%,0.00%,0.00%,,0.00%,0.00%,0.00%,0.00%,0.00%,,0.00%,0.00%,0.00%,0.00%,0.00%,,0.00%,,,,,,,,,,,,,,,,,,,,,,,,,,,,,,,,70.00%,30.00%,75.15%,64.00%,,,,,,,متاخر عن الجدول الزمني,,,,,,,,18.68%,5.47%,4.42%,-13.21%,1.67%,1.05%,-0.62%,4.81%,0.80%,0.77%,-4.01%,0.43%,0.03%,-0.40%,0.64%,0.75%,0.72%,0.11%,0.06%,0.03%,-0.03%,2.91%,0.37%,0.37%,-2.54%,0.26%,0.00%,-0.26%,0.53%,0.00%,0.00%,-0.53%,0.05%,0.00%,-0.05%,0.81%,0.32%,0.27%,-0.49%,0.07%,0.05%,-0.02%,2.34%,2.76%,1.82%,0.42%,0.21%,0.94%,0.73%,,,,,,,,,,,,,,,,,,,0,,,,,,,0%,NaN,NaN,,,,NaN,NaN,,,,,,,0.00%,0.00%,,,,,,,,,0.00%,
75,9/30/2025,مؤسسة بوابة الفجر للمقاولات,شركة المحايد مهندسون إستشاريون,م. مقرن عوض الحارثي,صيانة وإنارة الطرق المنقولة من وزارة النقل لبلديات ( الجلة وتبراك - القويعية - الرويضة - حلبان - الرين - الحصاة - عروى ),إنارة,الغربي,41.53%,29.65%,41.53%,25.77%,41.53%,1110,461.00,649.00,-11.88%,-15.76%,5.43%,30.99%,1.67%,20.30%,0.49%,4.78%,36.34%,100.00%,,,,,,,,,,0.00%,78.31%,6/26/2024,7/11/2027,,,,24335446.0,,,10106883.43,6476912.00,7215459.74,2891423.69,0.71,0.00%,0.00%,0.00%,0.00%,,0.00%,0.00%,0.00%,0.00%,0.00%,,0.00%,0.00%,0.00%,0.00%,0.00%,,0.00%,0.00%,0.00%,0.00%,0.00%,,0.00%,0.00%,0.00%,0.00%,0.00%,,0.00%,0.00%,0.00%,0.00%,0.00%,,0.00%,0.00%,0.00%,0.00%,0.00%,,0.00%,0.00%,0.00%,0.00%,0.00%,,0.00%,,,,,,,,,,,,,,,,,,,,,,,,,,,,,,,,90.00%,90.00%,59.60%,87.00%,,,,,,,متاخر عن الجدول الزمني,,,,,,,,12.87%,2.42%,1.89%,-10.45%,0.84%,0.53%,-0.31%,2.25%,0.72%,0.70%,-1.53%,0.15%,0.02%,-0.13%,0.69%,0.47%,0.45%,-0.22%,0.05%,0.02%,-0.03%,8.43%,11.68%,11.39%,3.25%,0.55%,0.29%,-0.26%,0.20%,0.37%,0.37%,0.17%,0.01%,0.00%,-0.01%,1.99%,0.27%,0.27%,-1.72%,0.13%,0.00%,-0.13%,15.09%,9.84%,8.80%,-5.25%,0.98%,1.04%,0.06%,,,تنفيذ,,,,,وحدة دعم بلديات المنطقة,,,,,,,,,,,0,,,,,,,0%,NaN,NaN,,,,NaN,NaN,,,,,,,0.00%,0.00%,,,,,,,,,0.00%,
110,9/30/2025,شركة هوازن الجزيرة للمقاولات المحدودة,شركة إيطال كونسلت,م.فهد عيسى عواجي,تشغيل وصيانة الطرق المنقولة من وزارة النقل للبلديات (الدرعيةــــ حريملاء ــــ العينة والجبيلة ــــ القصب ـــ المزاحمية - ضرما - شقراء - أشيقر- مرات),طرق,الشمالى,30.65%,14.02%,29.40%,14.08%,31.14%,1080,336.00,743.00,-16.63%,-15.32%,,,,,,,,0.00%,11.97%,5.59%,5.45%,42.56%,4.52%,1.58%,20.00%,3.32%,5.02%,100.00%,70.80%,10/29/2024,10/13/2027,,,,120457900.0,,,37510523.08,9541764.00,16888197.58,20622325.50,0.45,13.25%,5.90%,-7.35%,1.18%,1.17%,-0.01%,3.73%,0.00%,-3.73%,0.33%,0.00%,-0.33%,1.41%,0.14%,-1.27%,0.13%,0.00%,-0.13%,1.70%,0.34%,-1.36%,0.15%,0.03%,-0.12%,0.49%,0.12%,-0.37%,0.04%,0.00%,-0.04%,6.23%,5.53%,-0.70%,0.56%,0.50%,-0.06%,1.04%,0.00%,-1.04%,0.09%,0.00%,-0.09%,1.56%,0.31%,-1.25%,0.14%,0.03%,-0.11%,,,,,,84.08%,15.92%,69.50%,30.50%,81.25%,18.75%,,,,,,,,,,,,,,,,,,,,,75.00%,82.00%,62.00%,75.00%,,,,,,,متاخر عن الجدول الزمني,,,,,,,,0.00%,0.00%,,0.00%,0.00%,,0.00%,0.00%,0.00%,,0.00%,0.00%,,0.00%,0.00%,0.00%,,0.00%,0.00%,,0.00%,0.00%,0.00%,,0.00%,0.00%,,0.00%,0.00%,0.00%,,0.00%,0.00%,,0.00%,0.00%,0.00%,,0.00%,0.00%,,0.00%,0.00%,0.00%,,0.00%,0.00%,,0.00%,,,,,,,,,,,,,,,,,,,0,,,,,,,0%,NaN,NaN,,,,NaN,NaN,,,,,,,0.00%,0.00%,4.73%,0.00%,0.14%,0.31%,0.12%,5.03%,0.00%,0.28%,1.74%,
326,9/30/2025,شركة التمدين الوطنية للمقاولات,شركة مشاري ناصر الشثري للإستشارات الهندسية,م ابراهيم المرحبي,صيانة الطرق المنقولة من وزارة النقل لبلديات (الخرج،الهياثم،الدلم،حوطة بني تميم،الحلوة،الحريق،الحيانية والبرك),طرق,الجنوبي,52.42%,42.07%,53.05%,45.92%,55.71%,1095,610.00,485.00,-10.35%,-7.13%,,,,,,,,0.00%,15.88%,4.76%,2.64%,51.41%,10.40%,0.75%,9.22%,0.79%,4.14%,100.00%,79.61%,1/29/2024,1/28/2027,,,,144837900.0,,,80685953.42,40760385.00,60933304.53,19752648.89,0.76,28.64%,35.24%,6.60%,1.41%,3.15%,1.74%,8.85%,0.03%,-8.82%,0.44%,0.00%,-0.44%,5.79%,0.30%,-5.49%,0.28%,0.03%,-0.26%,1.47%,1.55%,0.08%,0.07%,0.10%,0.03%,0.42%,0.16%,-0.26%,0.02%,0.03%,0.01%,5.14%,4.83%,-0.31%,0.25%,0.24%,-0.01%,0.44%,0.37%,-0.07%,0.02%,0.00%,-0.02%,2.31%,0.79%,-1.52%,0.11%,0.17%,0.06%,,,,,,98.00%,2.00%,98.00%,2.00%,100.00%,0.00%,100.00%,0.00%,95.00%,5.00%,93.00%,7.00%,,,,,,,,,,,,,,,77.10%,92.00%,68.20%,91.04%,,,,,,,متاخر عن الجدول الزمني,,,,,,,,0.00%,0.00%,,0.00%,0.00%,,0.00%,0.00%,0.00%,,0.00%,0.00%,,0.00%,0.00%,0.00%,,0.00%,0.00%,,0.00%,0.00%,0.00%,,0.00%,0.00%,,0.00%,0.00%,0.00%,,0.00%,0.00%,,0.00%,0.00%,0.00%,,0.00%,0.00%,,0.00%,0.00%,0.00%,,0.00%,0.00%,,0.00%,,,,,,,,,,,,,,,,,,,0,,,,,,,0%,NaN,NaN,,,,NaN,NaN,,,,,,,0.00%,0.00%,32.09%,0.03%,0.27%,1.45%,0.13%,4.59%,0.37%,0.62%,2.65%,
355,9/30/2025,شركة التمدين الوطنية للمقاولات,شركة مشاري ناصر الشثري للإستشارات الهندسية,م ابراهيم المرحبي,مشروع صيانة الطرق المنقولة من وزارة النقل لبلديات(الافلاج،البديع،الاحمر، الهدار،السليل، وادي الدواسر),طرق,الجنوبي,56.30%,53.48%,48.70%,53.91%,56.30%,1080,608.00,472.00,-2.82%,5.21%,,,,,,,,0.00%,14.06%,13.50%,3.23%,34.76%,7.43%,2.63%,11.64%,3.37%,9.38%,100.00%,83.95%,1/31/2024,1/15/2027,,,,56538625.0,,,31829151.85,23740672.00,30236856.65,1592295.20,0.95,19.57%,20.61%,1.04%,0.97%,1.19%,0.22%,7.92%,0.04%,-7.88%,0.39%,0.00%,-0.39%,4.19%,0.13%,-4.06%,0.21%,0.13%,-0.08%,1.82%,1.75%,-0.07%,0.09%,0.08%,-0.01%,1.48%,0.65%,-0.83%,0.07%,0.09%,0.02%,6.55%,20.55%,14.00%,0.32%,1.01%,0.69%,1.90%,2.08%,0.18%,0.09%,0.29%,0.20%,5.28%,0.50%,-4.78%,0.26%,0.24%,-0.02%,,,,,,96.00%,4.00%,98.00%,2.00%,99.00%,1.00%,99.00%,1.00%,98.00%,2.00%,95.00%,5.00%,,,,,,,,,,,,,,,79.00%,94.00%,85.00%,85.00%,,,,,,,متاخر عن الجدول الزمني,,,,,,,,0.00%,0.00%,,0.00%,0.00%,,0.00%,0.00%,0.00%,,0.00%,0.00%,,0.00%,0.00%,0.00%,,0.00%,0.00%,,0.00%,0.00%,0.00%,,0.00%,0.00%,,0.00%,0.00%,0.00%,,0.00%,0.00%,,0.00%,0.00%,0.00%,,0.00%,0.00%,,0.00%,0.00%,0.00%,,0.00%,0.00%,,0.00%,,,,,,,,,,,,,,,,,,,0,,,,,,,0%,NaN,NaN,,,,NaN,NaN,,,,,,,0.00%,0.00%,19.42%,0.04%,0.00%,1.67%,0.56%,19.54%,1.79%,0.26%,7.60%,
362,9/30/2025,شركة هوازن الجزيرة للمقاولات المحدودة,شركة الابداع العربي للاستشارات الهندسية,م.فهد عيسى عواجي,تشغيل وصيانة الطرق المنقولة من وزارة النقل للبلديات  ( رماح  –تمير – روضة سدير–حوطة سدير-ثادق – المجمعة– جلاجل–الزلفي-الغاط-الأرطاوية ),طرق,الشمالى,47.69%,21.88%,44.63%,21.84%,48.15%,1080,520.00,560.00,-25.81%,-22.79%,,,,,,,,0.00%,10.64%,7.30%,5.13%,51.85%,4.87%,1.17%,14.32%,1.96%,2.76%,100.00%,66.05%,4/28/2024,4/13/2027,,,,132344875.0,,,63721606.48,14217510.00,28957058.65,34764547.83,0.45,24.97%,10.62%,-14.35%,1.44%,0.15%,-1.29%,5.13%,0.13%,-5.00%,0.30%,0.00%,-0.30%,2.34%,0.66%,-1.68%,0.14%,0.00%,-0.14%,2.47%,0.71%,-1.76%,0.14%,0.00%,-0.14%,0.56%,0.13%,-0.43%,0.03%,0.00%,-0.03%,6.90%,6.02%,-0.88%,0.40%,0.38%,-0.02%,0.94%,0.01%,-0.93%,0.05%,0.00%,-0.05%,1.33%,0.05%,-1.28%,0.08%,0.02%,-0.06%,,,,,,100.00%,0.00%,100.00%,0.00%,98.80%,1.20%,100.00%,0.00%,70.00%,30.00%,,,,,,,,,,,,,,,,,85.00%,77.00%,54.00%,63.00%,,,,,,,متاخر عن الجدول الزمني,,,,,,,,0.00%,0.00%,,0.00%,0.00%,,0.00%,0.00%,0.00%,,0.00%,0.00%,,0.00%,0.00%,0.00%,,0.00%,0.00%,,0.00%,0.00%,0.00%,,0.00%,0.00%,,0.00%,0.00%,0.00%,,0.00%,0.00%,,0.00%,0.00%,0.00%,,0.00%,0.00%,,0.00%,0.00%,0.00%,,0.00%,0.00%,,0.00%,,,,,,,,,,,,,,,,,,,0,,,,,,,0%,NaN,NaN,,,,NaN,NaN,,,,,,,0.00%,0.00%,10.47%,0.13%,0.66%,0.71%,0.13%,5.64%,0.01%,0.03%,3.51%,
364,9/30/2025,مؤسسة الذرابة للمقاولات,شركة الابداع العربي للاستشارات الهندسية,م نايف الدوسري,صيانة إنارة الطرق المنقولة من وزارة النقل لبلديات ( الدوادمي - البجادية - نفي - السر),إنارة,الغربي,54.14%,7.70%,54.52%,7.71%,54.52%,1095,597.00,498.00,-46.44%,-46.82%,16.84%,48.28%,7.91%,4.11%,0.84%,21.38%,0.65%,100.00%,,,,,,,,,,0.00%,43.86%,2/11/2024,2/10/2027,,,,14699047.0,,,8014000.97,0.00,1131826.62,6882174.35,0.14,0.00%,0.00%,0.00%,0.00%,,0.00%,0.00%,0.00%,0.00%,0.00%,,0.00%,0.00%,0.00%,0.00%,0.00%,,0.00%,0.00%,0.00%,0.00%,0.00%,,0.00%,0.00%,0.00%,0.00%,0.00%,,0.00%,0.00%,0.00%,0.00%,0.00%,,0.00%,0.00%,0.00%,0.00%,0.00%,,0.00%,0.00%,0.00%,0.00%,0.00%,,0.00%,,,,,,,,,,,,,,,,,,,,,,,,,,,,,,,,59.32%,30.00%,12.56%,66.10%,,,,,,,متاخر عن الجدول الزمني,,,,,,,,26.32%,0.00%,0.00%,-26.32%,1.32%,0.00%,-1.32%,9.18%,3.47%,3.07%,-5.71%,0.46%,0.40%,-0.06%,4.31%,1.89%,1.87%,-2.42%,0.22%,0.02%,-0.20%,2.24%,0.00%,0.00%,-2.24%,0.11%,0.00%,-0.11%,0.46%,0.00%,0.00%,-0.46%,0.02%,0.00%,-0.02%,11.66%,2.34%,2.34%,-9.32%,0.59%,0.00%,-0.59%,0.35%,0.01%,0.01%,-0.34%,0.02%,0.00%,-0.02%,,0.0,تنفيذ,الداش بورد الشهري سبتمبر 2025 م الذرابة عقد 364.xlsx (https://v5.airtableusercontent.com/v3/u/45/45/1759413600000/l9UvM1kj9AYQUnxCrOwAmA/qYaXaQBrw1xAVOhGopepusUeDOV5oMo9c03l07_44XRAl9paIu6iIx_QK3dLLC2vyHMqm6jDM0xQ6Xd5nKfGRAKPELJeaXUobso9QHxFAkY6g4m4FTjYyqqpeh1u6am5EvgvP3qwp2WXWBrhRX4UVd7bxUBMWalHgbnAplDz3lQ/hnGS79TEnSJKT20XJSlgtOLYypARSu5Hwk6F1PHf_NY),,,,وحدة دعم بلديات المنطقة,,,,,,,,,,,0,,,,,,,0%,NaN,NaN,,,,NaN,NaN,,,,,,,0.00%,0.00%,,,,,,,,,0.00%,
365,9/30/2025,شركة طويق بن مقعد العتيبي للمقاولات,شركة الابداع العربي للاستشارات الهندسية,م. مقرن عوض الحارثي,مشروع صيانة إنارة الطرق المنقولة من وزارة النقل للبلديات  ( رماح  –تمير – روضة سدير–حوطة سدير-ثادق-  المجمعة– جلاجل–الزلفي-الغاط-الأرطاوية ),إنارة,الشمالى,47.03%,10.77%,47.53%,9.40%,47.53%,1095,520.00,574.00,-36.26%,-38.13%,12.22%,37.69%,4.49%,11.36%,0.91%,8.21%,25.11%,100.00%,,,,,,,,,,0.00%,28.09%,4/28/2024,4/27/2027,,,,18945106.9,,,9004986.83,0.00,2040388.01,6964598.81,0.23,0.00%,0.00%,0.00%,0.00%,,0.00%,0.00%,0.00%,0.00%,0.00%,,0.00%,0.00%,0.00%,0.00%,0.00%,,0.00%,0.00%,0.00%,0.00%,0.00%,,0.00%,0.00%,0.00%,0.00%,0.00%,,0.00%,0.00%,0.00%,0.00%,0.00%,,0.00%,0.00%,0.00%,0.00%,0.00%,,0.00%,0.00%,0.00%,0.00%,0.00%,,0.00%,,,,,,,,,,,,,,,,,,,,,,,,,,,,,,,,40.00%,6.00%,18.83%,32.00%,,,,,,,متاخر عن الجدول الزمني,,,,,,,,17.92%,3.60%,3.39%,-14.32%,1.03%,0.21%,-0.82%,5.81%,0.53%,0.30%,-5.28%,0.33%,0.23%,-0.10%,2.14%,1.31%,1.28%,-0.83%,0.12%,0.03%,-0.09%,5.40%,0.60%,0.48%,-4.80%,0.31%,0.12%,-0.19%,0.43%,0.00%,0.00%,-0.43%,0.02%,0.00%,-0.02%,3.90%,1.36%,1.31%,-2.54%,0.22%,0.05%,-0.17%,11.94%,2.00%,0.35%,-9.94%,0.69%,1.65%,0.96%,,,,,,,,,,,,,,,,,,,0,,,,,,,0%,NaN,NaN,,,,NaN,NaN,,,,,,,0.00%,0.00%,,,,,,,,,0.00%,
367,9/30/2025,شركة ثقات الخليج للمقاولات,شركة الابداع العربي للاستشارات الهندسية,م نايف الدوسري,صيانة إنارة الطرق المنقولة من وزارة النقل لبلديات ( عفيف - بدائع العضيان - الجمش - ساجر ),إنارة,الغربي,44.77%,27.73%,45.12%,27.74%,45.12%,1324,597.00,726.00,-17.04%,-17.38%,16.85%,45.51%,4.27%,12.52%,1.93%,10.55%,8.36%,100.00%,,,,,,,,,,0.00%,71.51%,2/11/2024,9/26/2027,,,,23181355.0,,,10460520.74,4251230.30,6428189.74,4032331.00,0.61,0.00%,0.00%,0.00%,0.00%,,0.00%,0.00%,0.00%,0.00%,0.00%,,0.00%,0.00%,0.00%,0.00%,0.00%,,0.00%,0.00%,0.00%,0.00%,0.00%,,0.00%,0.00%,0.00%,0.00%,0.00%,,0.00%,0.00%,0.00%,0.00%,0.00%,,0.00%,0.00%,0.00%,0.00%,0.00%,,0.00%,0.00%,0.00%,0.00%,0.00%,,0.00%,,,,,,,,,,,,,,,,,,,,,,,,,,,,,,,,66.69%,92.50%,54.70%,88.75%,,,,,,,متاخر عن الجدول الزمني,,,,,,,,20.54%,5.15%,5.14%,-15.39%,1.03%,0.01%,-1.02%,7.60%,7.47%,7.25%,-0.13%,0.38%,0.22%,-0.16%,1.93%,4.45%,4.30%,2.52%,0.10%,0.15%,0.05%,5.65%,2.92%,1.98%,-2.73%,0.28%,0.94%,0.66%,0.87%,0.99%,0.93%,0.12%,0.04%,0.06%,0.02%,4.76%,3.08%,2.88%,-1.68%,0.24%,0.20%,-0.04%,3.77%,3.68%,3.48%,-0.09%,0.19%,0.20%,0.01%,,,تنفيذ,داش بورد الشهري سبتمبر 2025 ثقات الخليج.xlsx (https://v5.airtableusercontent.com/v3/u/45/45/1759413600000/guCC9_LnsKLXyNAURvhTsA/_TqV50EffT4NP8YmSnW7pjR3pZqxghBb2m-gXNUmcVBVbZg1VP-1LHLoEfrOZO9Qgb1ag2aerBi-eWoqRlaowxWIf9mrNUBW_6ooHZAMfeHGIur8cbGuNTTADv-PmobWIThsp2Gb6jWtKMH98V6eGQ/uNyTImpmypWHaa8WAOVYwGCu5HHPO2hh5EZtTzstJM0),,,,وحدة دعم بلديات المنطقة,,,,,,,,,,,0,,,,,,,0%,NaN,NaN,,,,NaN,NaN,,,,,,,0.00%,0.00%,,,,,,,,,0.00%,
369,9/30/2025,مؤسسة بوابة الفجر للمقاولات,شركة مشاري ناصر الشثري للإستشارات الهندسية,م. مقرن عوض الحارثي,صيانة إنارة الطرق المنقولة من وزارة النقل للبلديات(الخرج ، الهياثم ، الدلم ، حوطة بني تميم ، الحريق ، الحلوة ، الحيانية والبرك),إنارة,الجنوبي,47.83%,31.77%,48.22%,32.64%,48.22%,1265,610.00,655.00,-16.06%,-15.58%,3.82%,30.23%,1.31%,9.20%,1.57%,26.98%,26.88%,100.00%,,,,,,,,,,0.00%,67.88%,1/29/2024,7/17/2027,,,,19180491.9,,,9249090.95,4263756.00,6093642.27,3155448.68,0.66,0.00%,0.00%,0.00%,0.00%,,0.00%,0.00%,0.00%,0.00%,0.00%,,0.00%,0.00%,0.00%,0.00%,0.00%,,0.00%,0.00%,0.00%,0.00%,0.00%,,0.00%,0.00%,0.00%,0.00%,0.00%,,0.00%,0.00%,0.00%,0.00%,0.00%,,0.00%,0.00%,0.00%,0.00%,0.00%,,0.00%,0.00%,0.00%,0.00%,0.00%,,0.00%,,,,,,,,,,,,,,,,,,,,,,,,,,,,,,,,68.00%,55.00%,53.50%,84.00%,,,,,,,متاخر عن الجدول الزمني,,,,,,,,14.58%,6.21%,5.75%,-8.37%,0.72%,0.46%,-0.26%,1.84%,2.21%,1.99%,0.37%,0.09%,0.22%,0.13%,0.63%,0.89%,0.77%,0.26%,0.03%,0.12%,0.09%,4.44%,7.08%,6.72%,2.64%,0.22%,0.36%,0.14%,0.76%,0.66%,0.66%,-0.10%,0.04%,0.00%,-0.04%,13.01%,0.05%,0.05%,-12.96%,0.64%,0.00%,-0.64%,12.96%,15.54%,15.36%,2.58%,0.64%,0.18%,-0.46%,,,,,,,,,,,,,,,,,,,0,,,,,,,0%,NaN,NaN,,,,NaN,NaN,,,,,,,0.00%,0.00%,,,,,,,,,0.00%,
372,9/30/2025,شركة ساس التقنية  للمقاولات,شركة الابداع العربي للاستشارات الهندسية,م نايف الدوسري,تشغيل وصيانة الطرق المنقولة من وزارة النقل لبلديات ( الدوادمي - البجادية - نفي - الجمش - عفيف - بدائع العضيان - ساجر - السر ),طرق,الغربي,54.81%,35.48%,54.44%,35.48%,55.28%,1080,597.00,483.00,-19.33%,-18.96%,,,,,,,,0.00%,6.32%,1.52%,2.29%,74.29%,8.28%,0.82%,3.60%,0.74%,2.14%,100.00%,79.20%,2/11/2024,1/26/2027,,,,136449512.5,,,75426258.30,42756371.82,48412287.04,27013971.26,0.64,41.07%,25.68%,-15.39%,2.06%,1.42%,-0.64%,3.49%,1.75%,-1.74%,0.18%,0.25%,0.07%,4.58%,3.08%,-1.50%,0.23%,0.11%,-0.12%,1.27%,0.91%,-0.36%,0.06%,0.02%,-0.04%,0.45%,0.99%,0.54%,0.02%,0.00%,-0.02%,1.99%,1.77%,-0.22%,0.10%,0.09%,-0.01%,0.41%,0.12%,-0.29%,0.02%,0.00%,-0.02%,1.18%,0.34%,-0.84%,0.06%,0.02%,-0.04%,3,,,,,100.00%,0.00%,100.00%,0.00%,100.00%,0.00%,100.00%,0.00%,100.00%,0.00%,100.00%,0.00%,58.00%,42.00%,,,,,,,,,,,,,69.00%,98.00%,77.00%,86.00%,,,,,,,متاخر عن الجدول الزمني,,,,,,,,0.00%,0.00%,,0.00%,0.00%,,0.00%,0.00%,0.00%,,0.00%,0.00%,,0.00%,0.00%,0.00%,,0.00%,0.00%,,0.00%,0.00%,0.00%,,0.00%,0.00%,,0.00%,0.00%,0.00%,,0.00%,0.00%,,0.00%,0.00%,0.00%,,0.00%,0.00%,,0.00%,0.00%,0.00%,,0.00%,0.00%,,0.00%,,,تنفيذ,الابداع عقد 372 مؤشرات الآداء الشهرى 25-09-2025م.xlsx (https://v5.airtableusercontent.com/v3/u/45/45/1759413600000/oBGfoi-NM4N9zv5lqMnMNA/3ouqlGERYHDAXf6IzRUS0etqhrfZGJzdLaj2Q9TAjAx10-cEaACG6H-D33ZBzqY9017MhQ8rC8EGkNlTrRsVOQgnvMrDKi10g5uQSzdvKIF5dMMqQAp514K1kclWX9YLpmHbKhaacRdi8K0Irf-QugT6Shvj4DgYxy1asVmfvf8/eHoaeUJgqZCwtuGEiVqPbZ0wE2sQ4sT2TYLj82F1iAA),,,,وحدة دعم بلديات المنطقة,,,,,,,,,,,0,,,,,,,0%,NaN,NaN,,,,NaN,NaN,,,,,,,0.00%,0.00%,24.26%,1.50%,2.97%,0.89%,0.99%,1.68%,0.12%,0.32%,0.84%,
58 ,8/31/2025,شركة صرح الحديثة للمقاولات,شركة إيطال كونسلت,م. مقرن عوض الحارثي,صيانة إنارة الطرق المنقولة من وزارة النقل إلي البلديات ( الدرعية - حريملاء - العينة والجبيلة - القصب - المزاحمية - ضرماء - شقراء - أشيقر - مرات  ),إنارة,الشمالى,27.78%,8.37%,27.97%,8.37%,27.97%,1095,306.00,788.00,-19.41%,-19.60%,15.66%,60.81%,2.09%,9.48%,1.71%,2.63%,7.61%,100.00%,0.00%,0.00%,0.00%,0.00%,0.00%,0.00%,0.00%,0.00%,0.00%,0.00%,70.90%,10/29/2024,10/28/2027,,,,19748200.0,,,5523719.56,317625.03,1652924.34,3870795.22,0.30,0.00%,0.00%,0.00%,0.00%,0.00%,0.00%,0.00%,0.00%,0.00%,0.00%,0.00%,0.00%,0.00%,0.00%,0.00%,0.00%,0.00%,0.00%,0.00%,0.00%,0.00%,0.00%,,0.00%,0.00%,0.00%,0.00%,0.00%,,0.00%,0.00%,0.00%,0.00%,0.00%,,0.00%,0.00%,0.00%,0.00%,0.00%,,0.00%,0.00%,0.00%,0.00%,0.00%,,0.00%,6,,,,,,,,,,,,,,,,,,,,,,,,,,,,,,,74.00%,32.00%,83.15%,62.00%,,,,,,,متاخر عن الجدول الزمني,,,,,,,,17.01%,4.42%,3.25%,-12.59%,1.67%,1.17%,-0.50%,4.38%,0.77%,0.76%,-3.61%,0.43%,0.01%,-0.42%,0.59%,0.72%,0.68%,0.13%,0.06%,0.04%,-0.02%,2.65%,0.37%,0.33%,-2.28%,0.26%,0.04%,-0.22%,0.48%,0.00%,0.00%,-0.48%,0.05%,0.00%,-0.05%,0.74%,0.27%,0.26%,-0.47%,0.07%,0.01%,-0.06%,2.13%,1.82%,1.16%,-0.31%,0.21%,0.66%,0.45%,,,تنفيذ,,جديده,,,وحدة دعم بلديات المنطقة,,,,,,,,,,,0,,,,,,,0%,NaN,NaN,,,,NaN,NaN,,,,,,,0.00%,0.00%,0.00%,,,,,,,,0.00%,نعم
75 ,8/31/2025,مؤسسة بوابة الفجر للمقاولات,شركة المحايد مهندسون إستشاريون,م. مقرن عوض الحارثي,صيانة وإنارة الطرق المنقولة من وزارة النقل لبلديات ( الجلة وتبراك - القويعية - الرويضة - حلبان - الرين - الحصاة - عروى ),إنارة,الغربي,38.83%,27.35%,38.83%,23.87%,38.83%,1110,431.00,679.00,-11.48%,-14.96%,5.43%,30.99%,1.67%,20.30%,0.49%,4.78%,36.34%,100.00%,0.00%,0.00%,0.00%,0.00%,0.00%,0.00%,0.00%,0.00%,0.00%,0.00%,82.58%,6/26/2024,7/11/2027,,نعم,,24335446.0,,,9449168.67,5518454.98,6655744.48,2793424.19,0.70,0.00%,0.00%,0.00%,0.00%,,0.00%,0.00%,0.00%,0.00%,0.00%,,0.00%,0.00%,0.00%,0.00%,0.00%,,0.00%,0.00%,0.00%,0.00%,0.00%,,0.00%,0.00%,0.00%,0.00%,0.00%,,0.00%,0.00%,0.00%,0.00%,0.00%,,0.00%,0.00%,0.00%,0.00%,0.00%,,0.00%,0.00%,0.00%,0.00%,0.00%,,0.00%,1,,,,,,,,,,,,,,,,,,,,,,,,,,,,,,,90.00%,90.00%,70.80%,88.00%,,,,,,,متاخر عن الجدول الزمني,,,,,,,,12.03%,1.89%,1.21%,-10.14%,0.84%,0.68%,-0.16%,2.11%,0.70%,0.46%,-1.41%,0.15%,0.24%,0.09%,0.65%,0.45%,0.41%,-0.20%,0.05%,0.04%,-0.01%,7.88%,11.39%,9.45%,3.51%,0.55%,1.94%,1.39%,0.19%,0.37%,0.24%,0.18%,0.01%,0.13%,0.12%,1.86%,0.27%,0.27%,-1.59%,0.13%,0.00%,-0.13%,14.11%,8.80%,8.41%,-5.31%,0.98%,0.39%,-0.59%,,,تنفيذ,,جديده,,,وحدة دعم بلديات المنطقة,,,,,,,,,,,0,,,,,,,0%,NaN,NaN,,,,NaN,NaN,,,,,,,0.00%,0.00%,,,,,,,,,0.00%,نعم
110,8/31/2025,شركة هوازن الجزيرة للمقاولات المحدودة,شركة إيطال كونسلت,م.فهد عيسى عواجي,تشغيل وصيانة الطرق المنقولة من وزارة النقل للبلديات (الدرعيةــــ حريملاء ــــ العينة والجبيلة ــــ القصب ـــ المزاحمية - ضرما - شقراء - أشيقر- مرات),طرق,الشمالى,27.78%,12.14%,26.78%,12.19%,28.36%,1080,306.00,773.00,-15.64%,-14.58%,,,,,,,,0.00%,11.97%,5.59%,5.45%,42.56%,4.52%,1.58%,20.00%,3.32%,5.02%,100.00%,67.20%,10/29/2024,10/13/2027,,,,120457900.0,,,34161369.23,9541764.84,14623589.06,19537780.17,0.43,12.07%,4.73%,-7.34%,1.18%,1.11%,-0.07%,3.39%,0.00%,-3.39%,0.33%,0.00%,-0.33%,1.28%,0.14%,-1.14%,0.13%,0.03%,-0.10%,1.55%,0.31%,-1.24%,0.15%,0.14%,-0.01%,0.45%,0.12%,-0.33%,0.04%,0.06%,0.02%,5.67%,5.03%,-0.64%,0.56%,0.52%,-0.04%,0.94%,0.00%,-0.94%,0.09%,0.00%,-0.09%,1.42%,0.28%,-1.14%,0.14%,0.04%,-0.10%,8,8,,,,84.08%,15.92%,69.50%,30.50%,81.25%,18.75%,100.00%,0.00%,70.00%,30.00%,,,,,,,,,,,,,,,,,72.00%,95.00%,61.00%,66.00%,,,,,,,متاخر عن الجدول الزمني,,,(050) 788-4186,,,بدرالدين الريح الطاهر,ابو بكر عبدالرحيم كبيل عوض,0.00%,0.00%,,0.00%,0.00%,,0.00%,0.00%,0.00%,,0.00%,0.00%,,0.00%,0.00%,0.00%,,0.00%,0.00%,,0.00%,0.00%,0.00%,,0.00%,0.00%,,0.00%,0.00%,0.00%,,0.00%,0.00%,,0.00%,0.00%,0.00%,,0.00%,0.00%,,0.00%,0.00%,0.00%,,0.00%,0.00%,,0.00%,,,تنفيذ,,جديده,,,وحدة دعم بلديات المنطقة,,,,,,,,,,,0,,,,,,,0%,NaN,NaN,,,,NaN,NaN,,,,,,,0.00%,0.00%,3.62%,0.00%,0.11%,0.17%,0.06%,4.51%,0.00%,0.24%,1.58%,نعم
326 ,8/31/2025,شركة التمدين الوطنية للمقاولات,شركة مشاري ناصر الشثري للإستشارات الهندسية,م ابراهيم المرحبي,صيانة الطرق المنقولة من وزارة النقل لبلديات (الخرج،الهياثم،الدلم،حوطة بني تميم،الحلوة،الحريق،الحيانية والبرك),طرق,الجنوبي,52.42%,42.05%,50.44%,42.07%,52.97%,1095,580.00,515.00,-10.37%,-8.37%,0.00%,0.00%,0.00%,0.00%,0.00%,0.00%,0.00%,0.00%,15.88%,4.76%,2.64%,51.41%,10.40%,0.75%,9.22%,0.79%,4.14%,100.00%,79.61%,1/29/2024,1/28/2027,,,,144837900.0,,,76717791.78,40760385.16,60904336.95,15813454.83,0.79,27.23%,32.09%,4.86%,1.41%,1.10%,-0.31%,8.41%,0.03%,-8.38%,0.44%,0.00%,-0.44%,5.51%,0.27%,-5.23%,0.28%,0.03%,-0.26%,1.40%,1.45%,0.05%,0.07%,0.10%,0.03%,0.40%,0.13%,-0.27%,0.02%,0.03%,0.01%,4.88%,4.59%,-0.29%,0.25%,0.24%,-0.01%,0.42%,0.37%,-0.05%,0.02%,0.00%,-0.02%,2.19%,0.62%,-1.57%,0.11%,0.17%,0.06%,,,,,,98.00%,2.00%,98.00%,2.00%,100.00%,0.00%,100.00%,0.00%,95.00%,5.00%,88.00%,12.00%,,,,,,,,,,,,,,,77.10%,92.00%,68.20%,91.04%,,,,,,,متاخر عن الجدول الزمني,,,(055) 001-2653,,,محمد جياش,عبدالله شرف الدين,0.00%,0.00%,,0.00%,0.00%,,0.00%,0.00%,0.00%,,0.00%,0.00%,,0.00%,0.00%,0.00%,,0.00%,0.00%,,0.00%,0.00%,0.00%,,0.00%,0.00%,,0.00%,0.00%,0.00%,,0.00%,0.00%,,0.00%,0.00%,0.00%,,0.00%,0.00%,,0.00%,0.00%,0.00%,,0.00%,0.00%,,0.00%,,,تنفيذ,,جديده,,,وحدة دعم بلديات المنطقة,,,,,,,,,,,0,,,,,,,0%,NaN,NaN,,,,NaN,NaN,,,,,,,0.00%,0.00%,30.99%,0.03%,0.25%,1.35%,0.10%,4.35%,0.37%,0.45%,2.52%,نعم
355 ,8/31/2025,شركة التمدين الوطنية للمقاولات,شركة مشاري ناصر الشثري للإستشارات الهندسية,م ابراهيم المرحبي,مشروع صيانة الطرق المنقولة من وزارة النقل لبلديات(الافلاج،البديع،الاحمر، الهدار،السليل، وادي الدواسر),طرق,الجنوبي,53.52%,50.38%,46.29%,50.50%,53.52%,1080,578.00,502.00,-3.14%,4.21%,0.00%,0.00%,0.00%,0.00%,0.00%,0.00%,0.00%,0.00%,14.06%,13.50%,3.23%,34.76%,7.43%,2.63%,11.64%,3.37%,9.38%,100.00%,84.00%,1/31/2024,1/15/2027,,,,56538625.0,,,30258634.49,20025185.37,28484159.28,1774475.22,0.94,18.60%,19.42%,0.82%,0.97%,2.54%,1.57%,7.52%,0.04%,-7.48%,0.39%,0.00%,-0.39%,3.98%,0.00%,-3.98%,0.21%,0.00%,-0.21%,1.73%,1.67%,-0.06%,0.09%,0.10%,0.01%,1.41%,0.56%,-0.85%,0.07%,0.11%,0.04%,6.23%,19.54%,13.31%,0.32%,1.05%,0.73%,1.81%,1.79%,-0.02%,0.09%,0.14%,0.05%,5.02%,0.26%,-4.76%,0.26%,0.23%,-0.03%,,,,,,96.00%,4.00%,98.00%,2.00%,99.00%,1.00%,99.00%,1.00%,98.00%,2.00%,95.00%,5.00%,,,,,,,,,,,,,,,79.00%,95.00%,85.00%,85.00%,,,,,,,متاخر عن الجدول الزمني,,,(055) 001-2653,,,بشير مرشد,عبدالله شرف الدين,0.00%,0.00%,,0.00%,0.00%,,0.00%,0.00%,0.00%,,0.00%,0.00%,,0.00%,0.00%,0.00%,,0.00%,0.00%,,0.00%,0.00%,0.00%,,0.00%,0.00%,,0.00%,0.00%,0.00%,,0.00%,0.00%,,0.00%,0.00%,0.00%,,0.00%,0.00%,,0.00%,0.00%,0.00%,,0.00%,0.00%,,0.00%,,,تنفيذ,,جديده,,,وحدة دعم بلديات المنطقة,,,,,,,,,,,0,,,,,,,0%,NaN,NaN,,,,NaN,NaN,,,,,,,0.00%,0.00%,16.88%,0.04%,0.00%,1.57%,0.45%,18.49%,1.65%,0.03%,7.22%,نعم
362,8/31/2025,شركة هوازن الجزيرة للمقاولات المحدودة,شركة الابداع العربي للاستشارات الهندسية,م.فهد عيسى عواجي,تشغيل وصيانة الطرق المنقولة من وزارة النقل للبلديات  ( رماح  –تمير – روضة سدير–حوطة سدير-ثادق – المجمعة– جلاجل–الزلفي-الغاط-الأرطاوية ),طرق,الشمالى,44.81%,21.10%,42.06%,21.09%,45.37%,1080,490.00,590.00,-23.71%,-20.97%,,,,,,,,0.00%,10.64%,7.30%,5.13%,51.85%,4.87%,1.17%,14.32%,1.96%,2.76%,100.00%,66.05%,4/28/2024,4/13/2027,,,,132344875.0,,,60045359.95,14217510.95,27924768.63,32120591.33,0.47,23.53%,10.47%,-13.06%,1.44%,0.24%,-1.20%,4.83%,0.13%,-4.70%,0.30%,0.00%,-0.30%,2.21%,0.66%,-1.55%,0.14%,0.03%,-0.11%,2.33%,0.71%,-1.62%,0.14%,0.00%,-0.14%,0.53%,0.13%,-0.40%,0.03%,0.01%,-0.02%,6.50%,5.64%,-0.86%,0.40%,0.38%,-0.02%,0.89%,0.01%,-0.88%,0.05%,0.00%,-0.05%,1.25%,0.03%,-1.22%,0.08%,0.02%,-0.06%,,,,,,100.00%,0.00%,100.00%,0.00%,98.80%,1.20%,100.00%,0.00%,70.00%,30.00%,,,,,,,,,,,,,,,,,85.00%,77.00%,54.00%,63.00%,,,,,,,متاخر عن الجدول الزمني,,,(055) 708-2072,,,سعيد الشمراني,أسامة الياس,0.00%,0.00%,,0.00%,0.00%,,0.00%,0.00%,0.00%,,0.00%,0.00%,,0.00%,0.00%,0.00%,,0.00%,0.00%,,0.00%,0.00%,0.00%,,0.00%,0.00%,,0.00%,0.00%,0.00%,,0.00%,0.00%,,0.00%,0.00%,0.00%,,0.00%,0.00%,,0.00%,0.00%,0.00%,,0.00%,0.00%,,0.00%,,,تنفيذ,,جديده,,,وحدة دعم بلديات المنطقة,,,,,,,,,,,0,,,,,,,0%,NaN,NaN,,,,NaN,NaN,,,,,,,0.00%,0.00%,10.23%,0.13%,0.63%,0.71%,0.12%,5.26%,0.01%,0.01%,3.31%,نعم
364,8/31/2025,مؤسسة الذرابة للمقاولات,شركة الابداع العربي للاستشارات الهندسية,م نايف الدوسري,صيانة إنارة الطرق المنقولة من وزارة النقل لبلديات ( الدوادمي - البجادية - نفي - السر),إنارة,الغربي,51.28%,7.28%,51.78%,7.28%,51.78%,1095,567.00,528.00,-44.00%,-44.50%,16.84%,48.28%,7.91%,4.11%,0.84%,21.38%,0.65%,100.00%,,,,,,,,,,0.00%,43.32%,2/11/2024,2/10/2027,,,,14699047.0,,,7611287.35,,1070090.62,6541196.73,0.14,0.00%,0.00%,0.00%,0.00%,,0.00%,0.00%,0.00%,0.00%,0.00%,,0.00%,0.00%,0.00%,0.00%,0.00%,,0.00%,0.00%,0.00%,0.00%,0.00%,,0.00%,0.00%,0.00%,0.00%,0.00%,,0.00%,0.00%,0.00%,0.00%,0.00%,,0.00%,0.00%,0.00%,0.00%,0.00%,,0.00%,0.00%,0.00%,0.00%,0.00%,,0.00%,,,,,,,,,,,,,,,,,,,,,,,,,,,,,,,,61.13%,27.90%,20.16%,55.95%,,,,,,,متاخر عن الجدول الزمني,,,,,,,,25.00%,0.00%,,-25.00%,1.32%,,-1.32%,8.72%,3.06%,3.06%,-5.66%,0.46%,0.00%,-0.46%,4.10%,1.87%,1.87%,-2.23%,0.22%,0.00%,-0.22%,2.13%,0.00%,,-2.13%,0.11%,0.00%,-0.11%,0.43%,0.00%,0.00%,-0.43%,0.02%,,-0.02%,11.07%,2.34%,2.33%,-8.73%,0.59%,0.01%,-0.58%,0.34%,0.01%,0.01%,-0.33%,0.02%,0.00%,-0.02%,,,تنفيذ,,,,,وحدة دعم بلديات المنطقة,,,,,,,,,,,0,,,,,,,0%,NaN,NaN,,,,NaN,NaN,,,,,,,0.00%,0.00%,,,,,,,,,0.00%,نعم
365 ,8/31/2025,شركة طويق بن مقعد العتيبي للمقاولات,شركة الابداع العربي للاستشارات الهندسية,م. مقرن عوض الحارثي,مشروع صيانة إنارة الطرق المنقولة من وزارة النقل للبلديات  ( رماح  –تمير – روضة سدير–حوطة سدير-ثادق-  المجمعة– جلاجل–الزلفي-الغاط-الأرطاوية ),إنارة,الشمالى,44.20%,8.16%,44.79%,7.11%,44.79%,1095,490.00,604.00,-36.04%,-37.68%,12.22%,37.69%,4.49%,11.36%,0.91%,8.21%,25.11%,100.00%,0.00%,0.00%,0.00%,0.00%,0.00%,0.00%,0.00%,0.00%,0.00%,0.00%,28.09%,4/28/2024,4/27/2027,,,,18945106.9,,,8485468.36,0.00,1545920.72,6939547.63,0.18,0.00%,0.00%,0.00%,0.00%,,0.00%,0.00%,0.00%,0.00%,0.00%,,0.00%,0.00%,0.00%,0.00%,0.00%,,0.00%,0.00%,0.00%,0.00%,0.00%,,0.00%,0.00%,0.00%,0.00%,0.00%,,0.00%,0.00%,0.00%,0.00%,0.00%,,0.00%,0.00%,0.00%,0.00%,0.00%,,0.00%,0.00%,0.00%,0.00%,0.00%,,0.00%,,,,,,,,,,,,,,,,,,,,,,,,,,,,,,,,40.00%,6.00%,18.83%,32.00%,,,,,,,متاخر عن الجدول الزمني,,,,,,,,16.88%,3.39%,3.17%,-13.49%,1.03%,0.22%,-0.81%,5.47%,0.30%,0.20%,-5.17%,0.33%,0.10%,-0.23%,2.01%,1.28%,1.27%,-0.73%,0.12%,0.01%,-0.11%,5.09%,0.48%,0.45%,-4.61%,0.31%,0.03%,-0.28%,0.41%,0.00%,0.00%,-0.41%,0.02%,0.00%,-0.02%,3.68%,1.31%,0.97%,-2.37%,0.22%,0.34%,0.12%,11.25%,0.35%,0.21%,-10.90%,0.69%,0.14%,-0.55%,,,تنفيذ,,جديده,,,وحدة دعم بلديات المنطقة,,,,,,,,,,,0,,,,,,,0%,NaN,NaN,,,,NaN,NaN,,,,,,,0.00%,0.00%,,,,,,,,,0.00%,نعم
367,8/31/2025,شركة ثقات الخليج للمقاولات,شركة الابداع العربي للاستشارات الهندسية,م نايف الدوسري,تشغيل وصيانة الطرق المنقولة من وزارة النقل لبلديات ( الدوادمي - البجادية - نفي - الجمش - عفيف - بدائع العضيان - ساجر - السر ),إنارة,الغربي,42.48%,25.95%,42.86%,25.96%,42.86%,1324,567.00,756.00,-16.53%,-16.90%,16.85%,45.51%,4.27%,12.52%,1.93%,10.55%,8.36%,100.00%,,,,,,,,,,0.00%,84.92%,2/11/2024,9/26/2027,,,,23181355.0,,,9934866.43,4251230.30,6015561.62,3919304.81,0.61,0.00%,0.00%,0.00%,0.00%,,0.00%,0.00%,0.00%,0.00%,0.00%,,0.00%,0.00%,0.00%,0.00%,0.00%,,0.00%,0.00%,0.00%,0.00%,0.00%,,0.00%,0.00%,0.00%,0.00%,0.00%,,0.00%,0.00%,0.00%,0.00%,0.00%,,0.00%,0.00%,0.00%,0.00%,0.00%,,0.00%,0.00%,0.00%,0.00%,0.00%,,0.00%,,,,,,,,,,,,,,,,,,,,,,,,,,,,,,,,69.54%,95.00%,90.64%,88.75%,,,,,,,متاخر عن الجدول الزمني,,,,,,,,19.50%,5.14%,4.40%,-14.36%,1.03%,0.74%,-0.29%,7.22%,7.25%,6.75%,0.03%,0.38%,0.50%,0.12%,1.83%,4.30%,4.28%,2.47%,0.10%,0.02%,-0.08%,5.37%,1.98%,0.18%,-3.39%,0.28%,1.80%,1.52%,0.83%,0.93%,0.93%,0.10%,0.04%,0.00%,-0.04%,4.52%,2.88%,2.88%,-1.64%,0.24%,0.00%,-0.24%,3.58%,3.48%,0.97%,-0.10%,0.19%,2.51%,2.32%,,1710.0,تنفيذ,داش بورد الشهري أغسطس 2025 ثقات الخليج.xlsx (https://v5.airtableusercontent.com/v3/u/45/45/1759413600000/H1YgsqweM62iiWoBBrs4uQ/LRt_EYmAv90rU45Vc_hX35L3Rn-Qsuz4oHtJWXVvcDVJ47i2I86zI5vohICK0HZGMKDfTohi6OTswTY85Uq53RQk3pL1lkEuj3EGhhVuK-LN1HFKrGT-d2KyC368t9sITx8vNTo3SRomt6TcCyEvrQ/bd6TotV9kJw5InaVJqtKdzcQBKgGoX0amL1BVE9xdbk),,,,وحدة دعم بلديات المنطقة,,,,,,,,,,,0,,,,,,,0%,NaN,NaN,,,,NaN,NaN,,,,,,,0.00%,0.00%,,,,,,,,,0.00%,نعم
369 ,8/31/2025,مؤسسة بوابة الفجر للمقاولات,شركة مشاري ناصر الشثري للإستشارات الهندسية,م. مقرن عوض الحارثي,صيانة إنارة الطرق المنقولة من وزارة النقل للبلديات(الخرج ، الهياثم ، الدلم ، حوطة بني تميم ، الحريق ، الحلوة ، الحيانية والبرك),إنارة,الجنوبي,45.38%,30.63%,45.85%,31.30%,45.85%,1265,580.00,685.00,-14.75%,-14.55%,3.82%,30.23%,1.31%,9.20%,1.57%,26.98%,26.88%,100.00%,0.00%,0.00%,0.00%,0.00%,0.00%,0.00%,0.00%,0.00%,0.00%,0.00%,67.88%,1/29/2024,7/17/2027,,,,19180491.9,,,8794217.63,4263756.33,5874984.67,2919232.96,0.67,0.00%,0.00%,0.00%,0.00%,,0.00%,0.00%,0.00%,0.00%,0.00%,,0.00%,0.00%,0.00%,0.00%,0.00%,,0.00%,0.00%,0.00%,0.00%,0.00%,,0.00%,0.00%,0.00%,0.00%,0.00%,,0.00%,0.00%,0.00%,0.00%,0.00%,,0.00%,0.00%,0.00%,0.00%,0.00%,,0.00%,0.00%,0.00%,0.00%,0.00%,,0.00%,7,,,,,,,,,,,,,,,,,,,,,,,,,,,,,,,68.00%,55.00%,53.50%,84.00%,,,,,,,متاخر عن الجدول الزمني,,,,,,,,13.86%,5.75%,5.17%,-8.11%,0.72%,0.58%,-0.14%,1.75%,1.99%,1.90%,0.24%,0.09%,0.09%,-0.00%,0.60%,0.77%,0.66%,0.17%,0.03%,0.11%,0.08%,4.22%,6.72%,5.87%,2.50%,0.22%,0.85%,0.63%,0.72%,0.66%,0.66%,-0.06%,0.04%,0.00%,-0.04%,12.37%,0.05%,0.04%,-12.32%,0.64%,0.01%,-0.63%,12.32%,15.36%,15.18%,3.04%,0.64%,0.18%,-0.46%,,,تنفيذ,,جديده,,,وحدة دعم بلديات المنطقة,,,,,,,,,,,0,,,,,,,0%,NaN,NaN,,,,NaN,NaN,,,,,,,0.00%,0.00%,,,,,,,,,0.00%,نعم
372,8/31/2025,شركة ساس التقنية  للمقاولات,شركة الابداع العربي للاستشارات الهندسية,م نايف الدوسري,تشغيل وصيانة الطرق المنقولة من وزارة النقل لبلديات ( الدوادمي - البجادية - نفي - الجمش - عفيف - بدائع العضيان - ساجر - السر ),طرق,الغربي,51.94%,33.54%,51.70%,33.53%,52.50%,1080,567.00,513.00,-18.40%,-18.18%,,,,,,,,0.00%,6.32%,1.52%,2.29%,74.29%,8.28%,0.82%,3.60%,0.74%,2.14%,100.00%,81.55%,2/11/2024,1/26/2027,,,,136449512.5,,,71635994.06,33756374.03,45765166.49,25870827.57,0.64,39.00%,24.26%,-14.74%,2.06%,1.06%,-1.00%,3.32%,1.50%,-1.82%,0.18%,0.01%,-0.17%,4.35%,2.97%,-1.38%,0.23%,0.10%,-0.13%,1.20%,0.89%,-0.31%,0.06%,0.08%,0.02%,0.43%,0.99%,0.56%,0.02%,0.00%,-0.02%,1.89%,1.68%,-0.21%,0.10%,0.09%,-0.01%,0.39%,0.12%,-0.27%,0.02%,0.12%,0.10%,1.12%,0.32%,-0.80%,0.06%,0.00%,-0.06%,2,0,,,,100.00%,0.00%,100.00%,0.00%,100.00%,0.00%,100.00%,0.00%,100.00%,0.00%,100.00%,0.00%,23.00%,77.00%,,,,,,,,,,,,,73.00%,90.00%,79.00%,89.00%,,,,,,,متاخر عن الجدول الزمني,,,,,,فايح المرشدي,مصطفي عبدالسلام,0.00%,0.00%,,0.00%,0.00%,,0.00%,0.00%,0.00%,,0.00%,0.00%,,0.00%,0.00%,0.00%,,0.00%,0.00%,,0.00%,0.00%,0.00%,,0.00%,0.00%,,0.00%,0.00%,0.00%,,0.00%,0.00%,,0.00%,0.00%,0.00%,,0.00%,0.00%,,0.00%,0.00%,0.00%,,0.00%,0.00%,,0.00%,,,تنفيذ,الابداع عقد 372 مؤشرات الآداء الشهرى 25-08-2025م.xlsx (https://v5.airtableusercontent.com/v3/u/45/45/1759413600000/C3asS-6BRWWytcKn2PPFAA/Ru2g3djHPLJuMhIrgw5kAVdS7cuBok_04P6UT7lG2zFutm5B1xp_L8fmHWydlE01rUUalTfyE9KNWV8YfDkIwQtrf3ke6JFloCgZ732YcpANorP1wc8r_Dduf2XwyMf1cLeNQsFbOF3A0dJVe4zmC0Bzmf-tpzYAnBkRih9nJx0/CEwfu_eD-uaOgkyb_jCN-dYuASpIAfRO9k4fEtP1_xY),تحديث,,,وحدة دعم بلديات المنطقة,,,,,,,,,,,0,,,,,,,0%,NaN,NaN,,,,NaN,NaN,,,,,,,0.00%,0.00%,23.20%,1.49%,2.87%,0.81%,0.99%,1.59%,0.00%,0.32%,0.80%,نعم
18,7/31/2025,شركة نجم الغدراء للمقاولات,شركة المحايد مهندسون إستشاريون,م نايف الدوسري,تشغيل وصيانة الطرق المنقولة من وزارة النقل لبلديات ( الجلة وتبراك - القويعية - الرويضة - حلبان - الرين - الحصاة - عروى),طرق,الغربي,32.78%,23.16%,32.99%,23.75%,37.04%,1080,400.00,680.00,-9.62%,-9.23%,0.00%,0.00%,0.00%,0.00%,0.00%,0.00%,0.00%,0.00%,1.46%,10.94%,2.92%,67.43%,3.29%,1.40%,9.83%,0.55%,2.18%,100.00%,69.30%,6/26/2024,6/11/2027,,,,15774492.5,,,5842404.63,,3653372.46,2189032.17,0.63,24.98%,12.38%,-12.60%,1.87%,1.65%,-0.22%,0.54%,0.60%,0.06%,0.04%,0.51%,0.47%,1.22%,0.00%,-1.22%,0.09%,0.00%,-0.09%,1.08%,0.00%,-1.08%,0.08%,0.00%,-0.08%,0.52%,0.00%,-0.52%,0.04%,0.00%,-0.04%,3.64%,6.35%,2.71%,0.27%,0.77%,0.50%,0.20%,0.18%,-0.02%,0.02%,0.00%,-0.02%,0.81%,0.19%,-0.62%,0.06%,0.19%,0.13%,9,1,,,,100.00%,0.00%,98.00%,2.00%,,,,,,,,,,,,,,,,,,,,,,,70.00%,77.00%,59.00%,78.00%,,,,,,,متاخر عن الجدول الزمني,,,(056) 593-0873,,,سالم على,محمد يوسف الراوي,0.00%,0.00%,,0.00%,0.00%,,0.00%,0.00%,0.00%,,0.00%,0.00%,,0.00%,0.00%,0.00%,,0.00%,0.00%,,0.00%,0.00%,0.00%,,0.00%,0.00%,,0.00%,0.00%,0.00%,,0.00%,0.00%,,0.00%,0.00%,0.00%,,0.00%,0.00%,,0.00%,0.00%,0.00%,,0.00%,0.00%,,0.00%,,,تنفيذ,,جديده,,,وحدة دعم بلديات المنطقة,,,,,,,,,,,0,,,,,,,0%,NaN,NaN,,,,NaN,NaN,,,,,,,0.00%,0.00%,10.73%,0.09%,0.00%,0.00%,0.00%,5.58%,0.18%,0.00%,4.05%,
58,7/31/2025,شركة صرح الحديثة للمقاولات,شركة إيطال كونسلت,م. مقرن عوض الحارثي,صيانة إنارة الطرق المنقولة من وزارة النقل إلي البلديات ( الدرعية - حريملاء - العينة والجبيلة - القصب - المزاحمية - ضرماء - شقراء - أشيقر - مرات  ),إنارة,الشمالى,24.91%,6.45%,25.14%,6.44%,25.14%,1095,275.00,819.00,-18.46%,-18.70%,15.66%,60.81%,2.09%,9.48%,1.71%,2.63%,7.61%,100.00%,0.00%,0.00%,0.00%,0.00%,0.00%,0.00%,0.00%,0.00%,0.00%,0.00%,69.67%,10/29/2024,10/28/2027,,,,19748200.0,,,4964127.06,317625.03,1273758.90,3690368.16,0.26,0.00%,0.00%,0.00%,0.00%,0.00%,0.00%,0.00%,0.00%,0.00%,0.00%,0.00%,0.00%,0.00%,0.00%,0.00%,0.00%,0.00%,0.00%,0.00%,0.00%,0.00%,0.00%,,0.00%,0.00%,0.00%,0.00%,0.00%,,0.00%,0.00%,0.00%,0.00%,0.00%,,0.00%,0.00%,0.00%,0.00%,0.00%,,0.00%,0.00%,0.00%,0.00%,0.00%,,0.00%,6,,,,,,,,,,,,,,,,,,,,,,,,,,,,,,,67.00%,30.00%,82.91%,64.00%,,,,,,,متاخر عن الجدول الزمني,,,,,,,,15.29%,3.25%,1.41%,-12.04%,1.67%,1.84%,0.17%,3.94%,0.76%,0.68%,-3.18%,0.43%,0.08%,-0.35%,0.53%,0.68%,0.59%,0.15%,0.06%,0.09%,0.03%,2.38%,0.33%,0.33%,-2.05%,0.26%,0.00%,-0.26%,0.43%,0.00%,0.00%,-0.43%,0.05%,0.00%,-0.05%,0.66%,0.26%,0.24%,-0.40%,0.07%,0.02%,-0.05%,1.91%,1.16%,0.95%,-0.75%,0.21%,0.21%,0.00%,,,تنفيذ,,جديده,,,وحدة دعم بلديات المنطقة,,,,,,,,,,,0,,,,,,,0%,NaN,NaN,,,,NaN,NaN,,,,,,,0.00%,0.00%,0.00%,,,,,,,,0.00%,
75,7/31/2025,مؤسسة بوابة الفجر للمقاولات,شركة المحايد مهندسون إستشاريون,م. مقرن عوض الحارثي,صيانة وإنارة الطرق المنقولة من وزارة النقل لبلديات ( الجلة وتبراك - القويعية - الرويضة - حلبان - الرين - الحصاة - عروى ),إنارة,الغربي,36.53%,22.44%,36.04%,19.75%,36.04%,1110,400.00,710.00,-14.09%,-16.29%,5.43%,30.99%,1.67%,20.30%,0.49%,4.78%,36.34%,100.00%,0.00%,0.00%,0.00%,0.00%,0.00%,0.00%,0.00%,0.00%,0.00%,0.00%,79.57%,6/26/2024,7/11/2027,,,,24335446.0,,,8769530.09,4666688.66,5460874.08,3308656.01,0.62,0.00%,0.00%,0.00%,0.00%,,0.00%,0.00%,0.00%,0.00%,0.00%,,0.00%,0.00%,0.00%,0.00%,0.00%,,0.00%,0.00%,0.00%,0.00%,0.00%,,0.00%,0.00%,0.00%,0.00%,0.00%,,0.00%,0.00%,0.00%,0.00%,0.00%,,0.00%,0.00%,0.00%,0.00%,0.00%,,0.00%,0.00%,0.00%,0.00%,0.00%,,0.00%,1,,,,,,,,,,,,,,,,,,,,,,,,,,,,,,,90.00%,90.00%,66.70%,83.50%,,,,,,,متاخر عن الجدول الزمني,,,,,,,,11.17%,1.05%,0.44%,-10.12%,0.84%,0.61%,-0.23%,1.96%,0.46%,0.35%,-1.50%,0.15%,0.11%,-0.04%,0.60%,0.41%,0.38%,-0.19%,0.05%,0.03%,-0.02%,7.31%,9.45%,9.20%,2.14%,0.55%,0.25%,-0.30%,0.18%,0.24%,0.24%,0.06%,0.01%,0.00%,-0.01%,1.72%,0.27%,0.27%,-1.45%,0.13%,0.00%,-0.13%,13.09%,7.87%,6.97%,-5.22%,0.98%,0.90%,-0.08%,,,تنفيذ,,جديده,,,وحدة دعم بلديات المنطقة,,,,,,,,,,,0,,,,,,,0%,NaN,NaN,,,,NaN,NaN,,,,,,,0.00%,0.00%,,,,,,,,,0.00%,
110,7/31/2025,شركة هوازن الجزيرة للمقاولات المحدودة,شركة إيطال كونسلت,م.فهد عيسى عواجي,تشغيل وصيانة الطرق المنقولة من وزارة النقل للبلديات (الدرعيةــــ حريملاء ــــ العينة والجبيلة ــــ القصب ـــ المزاحمية - ضرما - شقراء - أشيقر- مرات),طرق,الشمالى,24.91%,10.10%,24.06%,10.13%,25.49%,1080,275.00,804.00,-14.81%,-13.93%,0.00%,0.00%,0.00%,0.00%,0.00%,0.00%,0.00%,0.00%,11.97%,5.59%,5.45%,42.56%,4.52%,1.58%,20.00%,3.32%,5.02%,100.00%,67.30%,10/29/2024,10/13/2027,,,,120457900.0,,,30700576.92,9541764.84,12166247.90,18534329.02,0.40,10.85%,3.62%,-7.23%,1.18%,0.61%,-0.57%,3.05%,0.00%,-3.05%,0.33%,0.00%,-0.33%,1.15%,0.11%,-1.04%,0.13%,0.07%,-0.06%,1.39%,0.17%,-1.22%,0.15%,0.00%,-0.15%,0.40%,0.06%,-0.34%,0.04%,0.04%,-0.00%,5.10%,4.51%,-0.59%,0.56%,0.50%,-0.06%,0.85%,0.00%,-0.85%,0.09%,0.00%,-0.09%,1.28%,0.24%,-1.04%,0.14%,0.13%,-0.01%,4,,,,,84.08%,15.92%,70.00%,30.00%,96.00%,4.00%,,,,,,,,,,,,,,,,,,,,,68.00%,75.00%,66.00%,67.00%,,,,,,,متاخر عن الجدول الزمني,,,(050) 788-4186,,,بدرالدين الريح الطاهر,ابو بكر عبدالرحيم كبيل عوض,0.00%,0.00%,,0.00%,0.00%,,0.00%,0.00%,0.00%,,0.00%,0.00%,,0.00%,0.00%,0.00%,,0.00%,0.00%,,0.00%,0.00%,0.00%,,0.00%,0.00%,,0.00%,0.00%,0.00%,,0.00%,0.00%,,0.00%,0.00%,0.00%,,0.00%,0.00%,,0.00%,0.00%,0.00%,,0.00%,0.00%,,0.00%,,,تنفيذ,,جديده,,,وحدة دعم بلديات المنطقة,,,,,,,,,,,0,,,,,,,0%,NaN,NaN,,,,NaN,NaN,,,,,,,0.00%,0.00%,3.01%,0.00%,0.04%,0.17%,0.02%,4.01%,0.00%,0.11%,1.42%,
326,7/31/2025,شركة التمدين الوطنية للمقاولات,شركة مشاري ناصر الشثري للإستشارات الهندسية,م ابراهيم المرحبي,صيانة الطرق المنقولة من وزارة النقل لبلديات (الخرج،الهياثم،الدلم،حوطة بني تميم،الحلوة،الحريق،الحيانية والبرك),طرق,الجنوبي,49.59%,40.28%,47.75%,40.28%,50.14%,1095,549.00,546.00,-9.31%,-7.47%,0.00%,0.00%,0.00%,0.00%,0.00%,0.00%,0.00%,0.00%,15.88%,4.76%,2.64%,51.41%,10.40%,0.75%,9.22%,0.79%,4.14%,100.00%,65.65%,1/29/2024,1/28/2027,,,,144837900.0,,,72617358.08,40760385.16,58340706.12,14276651.96,0.80,25.78%,30.99%,5.21%,1.41%,0.00%,-1.41%,7.96%,0.03%,-7.93%,0.44%,0.00%,-0.44%,5.21%,0.25%,-4.96%,0.28%,0.00%,-0.28%,1.32%,1.35%,0.03%,0.07%,0.00%,-0.07%,0.38%,0.10%,-0.28%,0.02%,0.05%,0.03%,4.62%,4.35%,-0.27%,0.25%,0.24%,-0.01%,0.40%,0.37%,-0.03%,0.02%,0.05%,0.03%,2.08%,0.45%,-1.63%,0.11%,0.01%,-0.10%,,,,,,98.00%,2.00%,98.00%,2.00%,100.00%,0.00%,100.00%,0.00%,95.00%,5.00%,,,,,,,,,,,,,,,,,73.50%,81.50%,36.42%,87.00%,,,,,,,متاخر عن الجدول الزمني,,,(055) 001-2653,,,محمد جياش,عبدالله شرف الدين,0.00%,0.00%,,0.00%,0.00%,,0.00%,0.00%,0.00%,,0.00%,0.00%,,0.00%,0.00%,0.00%,,0.00%,0.00%,,0.00%,0.00%,0.00%,,0.00%,0.00%,,0.00%,0.00%,0.00%,,0.00%,0.00%,,0.00%,0.00%,0.00%,,0.00%,0.00%,,0.00%,0.00%,0.00%,,0.00%,0.00%,,0.00%,,,تنفيذ,,جديده,,,وحدة دعم بلديات المنطقة,,,,,,,,,,,0,,,,,,,0%,NaN,NaN,,,,NaN,NaN,,,,,,,0.00%,0.00%,30.99%,0.03%,0.25%,1.35%,0.05%,4.11%,0.32%,0.44%,2.39%,
355,7/31/2025,شركة التمدين الوطنية للمقاولات,شركة مشاري ناصر الشثري للإستشارات الهندسية,م ابراهيم المرحبي,مشروع صيانة الطرق المنقولة من وزارة النقل لبلديات(الافلاج،البديع،الاحمر، الهدار،السليل، وادي الدواسر),طرق,الجنوبي,50.65%,45.87%,43.81%,45.95%,50.65%,1080,547.00,533.00,-4.78%,2.13%,0.00%,0.00%,0.00%,0.00%,0.00%,0.00%,0.00%,0.00%,14.06%,13.50%,3.23%,34.76%,7.43%,2.63%,11.64%,3.37%,9.38%,100.00%,83.00%,1/31/2024,1/15/2027,,,,56538625.0,,,28635766.55,20025185.39,25934267.29,2701499.26,0.91,17.60%,16.88%,-0.72%,0.97%,0.00%,-0.97%,7.12%,0.04%,-7.08%,0.39%,0.00%,-0.39%,3.77%,0.00%,-3.77%,0.21%,0.00%,-0.21%,1.64%,1.57%,-0.07%,0.09%,0.44%,0.35%,1.33%,0.45%,-0.88%,0.07%,0.07%,-0.00%,5.90%,18.49%,12.59%,0.32%,1.05%,0.73%,1.71%,1.65%,-0.06%,0.09%,0.16%,0.07%,4.75%,0.03%,-4.72%,0.26%,0.00%,-0.26%,,,,,,96.00%,4.00%,98.00%,2.00%,99.00%,1.00%,99.00%,1.00%,98.00%,2.00%,,,,,,,,,,,,,,,,,75.00%,95.00%,85.00%,85.00%,,,,,,,متاخر عن الجدول الزمني,,,(055) 001-2653,,,بشير مرشد,عبدالله شرف الدين,0.00%,0.00%,,0.00%,0.00%,,0.00%,0.00%,0.00%,,0.00%,0.00%,,0.00%,0.00%,0.00%,,0.00%,0.00%,,0.00%,0.00%,0.00%,,0.00%,0.00%,,0.00%,0.00%,0.00%,,0.00%,0.00%,,0.00%,0.00%,0.00%,,0.00%,0.00%,,0.00%,0.00%,0.00%,,0.00%,0.00%,,0.00%,,,تنفيذ,,جديده,,,وحدة دعم بلديات المنطقة,,,,,,,,,,,0,,,,,,,0%,NaN,NaN,,,,NaN,NaN,,,,,,,0.00%,0.00%,16.88%,0.04%,0.00%,1.13%,0.38%,17.44%,1.49%,0.03%,6.84%,
362,7/31/2025,شركة هوازن الجزيرة للمقاولات المحدودة,شركة الابداع العربي للاستشارات الهندسية,م.فهد عيسى عواجي,تشغيل وصيانة الطرق المنقولة من وزارة النقل للبلديات  ( رماح  –تمير – روضة سدير–حوطة سدير-ثادق – المجمعة– جلاجل–الزلفي-الغاط-الأرطاوية ),طرق,الشمالى,42.04%,20.19%,39.40%,20.20%,42.50%,1080,459.00,621.00,-21.85%,-19.20%,0.00%,0.00%,0.00%,0.00%,0.00%,0.00%,0.00%,0.00%,10.64%,7.30%,5.13%,51.85%,4.87%,1.17%,14.32%,1.96%,2.76%,100.00%,67.80%,4/28/2024,4/13/2027,,,,132344875.0,,,56246571.88,14217510.95,26720430.26,29526141.61,0.48,22.04%,10.23%,-11.81%,1.44%,0.25%,-1.19%,4.52%,0.13%,-4.39%,0.30%,0.00%,-0.30%,2.07%,0.63%,-1.44%,0.14%,0.12%,-0.02%,2.18%,0.71%,-1.47%,0.14%,0.03%,-0.11%,0.50%,0.12%,-0.38%,0.03%,0.01%,-0.02%,6.09%,5.26%,-0.83%,0.40%,0.36%,-0.04%,0.83%,0.01%,-0.82%,0.05%,0.00%,-0.05%,1.17%,0.01%,-1.16%,0.08%,0.01%,-0.07%,1,,,,,100.00%,0.00%,100.00%,0.00%,98.80%,1.20%,100.00%,0.00%,99.00%,1.00%,,,,,,,,,,,,,,,,,85.00%,77.00%,55.00%,67.00%,,,,,,,متاخر عن الجدول الزمني,,,(055) 708-2072,,,سعيد الشمراني,أسامة الياس,0.00%,0.00%,,0.00%,0.00%,,0.00%,0.00%,0.00%,,0.00%,0.00%,,0.00%,0.00%,0.00%,,0.00%,0.00%,,0.00%,0.00%,0.00%,,0.00%,0.00%,,0.00%,0.00%,0.00%,,0.00%,0.00%,,0.00%,0.00%,0.00%,,0.00%,0.00%,,0.00%,0.00%,0.00%,,0.00%,0.00%,,0.00%,,,تنفيذ,,جديده,,,وحدة دعم بلديات المنطقة,,,,,,,,,,,0,,,,,,,0%,NaN,NaN,,,,NaN,NaN,,,,,,,0.00%,0.00%,9.98%,0.13%,0.51%,0.68%,0.11%,4.90%,0.01%,0.00%,3.10%,
364,7/31/2025,مؤسسة الذرابة للمقاولات,شركة الابداع العربي للاستشارات الهندسية,م نايف الدوسري,صيانة إنارة الطرق المنقولة من وزارة النقل لبلديات ( الدوادمي - البجادية - نفي - السر),إنارة,الغربي,48.50%,6.96%,48.95%,6.96%,48.95%,1095,536.00,559.00,-41.54%,-41.99%,16.84%,48.28%,7.91%,4.11%,0.84%,21.38%,0.65%,100.00%,0.00%,0.00%,0.00%,0.00%,0.00%,0.00%,0.00%,0.00%,0.00%,0.00%,42.97%,2/11/2024,2/10/2027,,,,14699047.0,,,7195149.95,,1023053.67,6172096.28,0.14,0.00%,0.00%,0.00%,0.00%,,0.00%,0.00%,0.00%,0.00%,0.00%,,0.00%,0.00%,0.00%,0.00%,0.00%,,0.00%,0.00%,0.00%,0.00%,0.00%,,0.00%,0.00%,0.00%,0.00%,0.00%,,0.00%,0.00%,0.00%,0.00%,0.00%,,0.00%,0.00%,0.00%,0.00%,0.00%,,0.00%,0.00%,0.00%,0.00%,0.00%,,0.00%,,,,,,,,,,,,,,,,,,,,,,,,,,,,,,,,65.00%,56.00%,12.00%,56.35%,,,,,,,متاخر عن الجدول الزمني,,,,,,,,23.63%,0.00%,0.00%,-23.63%,1.32%,0.00%,-1.32%,8.24%,2.75%,2.40%,-5.49%,0.46%,0.35%,-0.11%,3.87%,1.87%,1.87%,-2.00%,0.22%,0.00%,-0.22%,2.01%,0.00%,0.00%,-2.01%,0.11%,0.00%,-0.11%,0.41%,0.00%,0.00%,-0.41%,0.02%,0.00%,-0.02%,10.46%,2.33%,2.26%,-8.13%,0.59%,0.07%,-0.52%,0.32%,0.01%,0.01%,-0.31%,0.02%,0.00%,-0.02%,,,تنفيذ,,جديده,,,وحدة دعم بلديات المنطقة,,,,,,,,,,,0,,,,,,,0%,NaN,NaN,,,,NaN,NaN,,,,,,,0.00%,0.00%,,,,,,,,,0.00%,
365,7/31/2025,شركة طويق بن مقعد العتيبي للمقاولات,شركة الابداع العربي للاستشارات الهندسية,م. مقرن عوض الحارثي,مشروع صيانة إنارة الطرق المنقولة من وزارة النقل للبلديات  ( رماح  –تمير – روضة سدير–حوطة سدير-ثادق-  المجمعة– جلاجل–الزلفي-الغاط-الأرطاوية ),إنارة,الشمالى,41.46%,7.21%,41.96%,6.27%,41.96%,1095,459.00,635.00,-34.25%,-35.69%,12.22%,37.69%,4.49%,11.36%,0.91%,8.21%,25.11%,100.00%,0.00%,0.00%,0.00%,0.00%,0.00%,0.00%,0.00%,0.00%,0.00%,0.00%,28.61%,4/28/2024,4/27/2027,,,,18945106.9,,,7948632.60,0.00,1365942.21,6582690.39,0.17,0.00%,0.00%,0.00%,0.00%,,0.00%,0.00%,0.00%,0.00%,0.00%,,0.00%,0.00%,0.00%,0.00%,0.00%,,0.00%,0.00%,0.00%,0.00%,0.00%,,0.00%,0.00%,0.00%,0.00%,0.00%,,0.00%,0.00%,0.00%,0.00%,0.00%,,0.00%,0.00%,0.00%,0.00%,0.00%,,0.00%,0.00%,0.00%,0.00%,0.00%,,0.00%,,,,,,,,,,,,,,,,,,,,,,,,,,,,,,,,40.00%,0.00%,17.18%,36.00%,,,,,,,متاخر عن الجدول الزمني,,,,,,,,15.81%,3.17%,2.38%,-12.64%,1.03%,0.79%,-0.24%,5.13%,0.20%,0.14%,-4.93%,0.33%,0.06%,-0.27%,1.88%,1.27%,1.21%,-0.61%,0.12%,0.06%,-0.06%,4.77%,0.45%,0.28%,-4.32%,0.31%,0.17%,-0.14%,0.38%,0.00%,0.00%,-0.38%,0.02%,0.00%,-0.02%,3.45%,0.97%,0.45%,-2.48%,0.22%,0.52%,0.30%,10.54%,0.21%,0.20%,-10.33%,0.69%,0.01%,-0.68%,,,تنفيذ,,جديده,,,وحدة دعم بلديات المنطقة,,,,,,,,,,,0,,,,,,,0%,NaN,NaN,,,,NaN,NaN,,,,,,,0.00%,0.00%,,,,,,,,,0.00%,
367,7/31/2025,شركة ثقات الخليج للمقاولات,شركة الابداع العربي للاستشارات الهندسية,م نايف الدوسري,صيانة إنارة الطرق المنقولة من وزارة النقل لبلديات ( عفيف - بدائع العضيان - الجمش - ساجر ),إنارة,الغربي,41.59%,20.39%,42.01%,20.39%,42.01%,1277,536.00,740.00,-21.20%,-21.62%,16.85%,45.51%,4.27%,12.52%,1.93%,10.55%,8.36%,100.00%,0.00%,0.00%,0.00%,0.00%,0.00%,0.00%,0.00%,0.00%,0.00%,0.00%,61.61%,2/11/2024,8/10/2027,,,,23181355.0,,,9737622.48,3975266.53,4726678.28,5010944.19,0.49,0.00%,0.00%,0.00%,0.00%,,0.00%,0.00%,0.00%,0.00%,0.00%,,0.00%,0.00%,0.00%,0.00%,0.00%,,0.00%,0.00%,0.00%,0.00%,0.00%,,0.00%,0.00%,0.00%,0.00%,0.00%,,0.00%,0.00%,0.00%,0.00%,0.00%,,0.00%,0.00%,0.00%,0.00%,0.00%,,0.00%,0.00%,0.00%,0.00%,0.00%,,0.00%,,,,,,,,,,,,,,,,,,,,,,,,,,,,,,,,69.34%,92.50%,27.70%,85.60%,,,,,,,متاخر عن الجدول الزمني,,,,,,,,19.12%,4.40%,4.15%,-14.72%,1.07%,0.25%,-0.82%,7.08%,6.75%,6.33%,-0.33%,0.40%,0.42%,0.02%,1.79%,4.28%,4.24%,2.49%,0.10%,0.04%,-0.06%,5.26%,0.18%,0.03%,-5.08%,0.29%,0.15%,-0.14%,0.81%,0.93%,0.93%,0.12%,0.05%,0.00%,-0.05%,4.43%,2.88%,2.88%,-1.55%,0.25%,0.00%,-0.25%,3.51%,0.97%,0.96%,-2.54%,0.20%,0.01%,-0.19%,,,تنفيذ,,جديده,,,وحدة دعم بلديات المنطقة,,,,,,,,,,,0,,,,,,,0%,NaN,NaN,,,,NaN,NaN,,,,,,,0.00%,0.00%,,,,,,,,,0.00%,
369,7/31/2025,مؤسسة بوابة الفجر للمقاولات,شركة مشاري ناصر الشثري للإستشارات الهندسية,م. مقرن عوض الحارثي,صيانة إنارة الطرق المنقولة من وزارة النقل للبلديات(الخرج ، الهياثم ، الدلم ، حوطة بني تميم ، الحريق ، الحلوة ، الحيانية والبرك),إنارة,الجنوبي,42.92%,29.48%,43.40%,29.48%,43.40%,1265,549.00,716.00,-13.44%,-13.92%,3.82%,30.23%,1.31%,9.20%,1.57%,26.98%,26.88%,100.00%,0.00%,0.00%,0.00%,0.00%,0.00%,0.00%,0.00%,0.00%,0.00%,0.00%,68.93%,1/29/2024,7/17/2027,,,,19180491.9,,,8324181.86,4263756.33,5654409.01,2669772.85,0.68,0.00%,0.00%,0.00%,0.00%,,0.00%,0.00%,0.00%,0.00%,0.00%,,0.00%,0.00%,0.00%,0.00%,0.00%,,0.00%,0.00%,0.00%,0.00%,0.00%,,0.00%,0.00%,0.00%,0.00%,0.00%,,0.00%,0.00%,0.00%,0.00%,0.00%,,0.00%,0.00%,0.00%,0.00%,0.00%,,0.00%,0.00%,0.00%,0.00%,0.00%,,0.00%,7,,,,,,,,,,,,,,,,,,,,,,,,,,,,,,,70.00%,58.00%,50.65%,88.00%,,,,,,,متاخر عن الجدول الزمني,,,,,,,,13.12%,5.17%,4.27%,-7.95%,0.72%,0.90%,0.18%,1.66%,1.90%,1.61%,0.24%,0.09%,0.29%,0.20%,0.57%,0.66%,0.66%,0.09%,0.03%,0.00%,-0.03%,3.99%,5.87%,4.74%,1.88%,0.22%,1.13%,0.91%,0.68%,0.66%,0.43%,-0.02%,0.04%,0.23%,0.19%,11.71%,0.04%,0.04%,-11.67%,0.64%,0.00%,-0.64%,11.66%,15.18%,15.07%,3.52%,0.64%,0.11%,-0.53%,,,تنفيذ,,جديده,,,وحدة دعم بلديات المنطقة,,,,,,,,,,,0,,,,,,,0%,NaN,NaN,,,,NaN,NaN,,,,,,,0.00%,0.00%,,,,,,,,,0.00%,
372,7/31/2025,شركة ساس التقنية  للمقاولات,شركة الابداع العربي للاستشارات الهندسية,م نايف الدوسري,تشغيل وصيانة الطرق المنقولة من وزارة النقل لبلديات ( الدوادمي - البجادية - نفي - الجمش - عفيف - بدائع العضيان - ساجر - السر ),طرق,الغربي,49.07%,32.01%,48.88%,32.02%,49.63%,1080,536.00,544.00,-17.06%,-16.85%,0.00%,0.00%,0.00%,0.00%,0.00%,0.00%,0.00%,0.00%,6.32%,1.52%,2.29%,74.29%,8.28%,0.82%,3.60%,0.74%,2.14%,100.00%,82.25%,2/11/2024,1/26/2027,,,,136449512.5,,,67719387.69,33756374.03,43677488.95,24041898.73,0.64,36.87%,23.20%,-13.67%,2.06%,1.77%,-0.29%,3.14%,1.49%,-1.65%,0.18%,0.05%,-0.13%,4.11%,2.87%,-1.24%,0.23%,0.01%,-0.22%,1.14%,0.81%,-0.33%,0.06%,0.12%,0.06%,0.41%,0.99%,0.58%,0.02%,0.03%,0.01%,1.79%,1.59%,-0.20%,0.10%,0.09%,-0.01%,0.37%,0.00%,-0.37%,0.02%,0.00%,-0.02%,1.06%,0.32%,-0.74%,0.06%,0.00%,-0.06%,1,,,,,100.00%,0.00%,100.00%,0.00%,100.00%,0.00%,100.00%,0.00%,100.00%,0.00%,,,,,,,,,,,,,,,,,67.00%,85.00%,89.00%,86.00%,,,,,,,متاخر عن الجدول الزمني,,,(054) 278-0111,,,فايح المرشدي,مصطفي عبدالسلام,0.00%,0.00%,,0.00%,0.00%,,0.00%,0.00%,0.00%,,0.00%,0.00%,,0.00%,0.00%,0.00%,,0.00%,0.00%,,0.00%,0.00%,0.00%,,0.00%,0.00%,,0.00%,0.00%,0.00%,,0.00%,0.00%,,0.00%,0.00%,0.00%,,0.00%,0.00%,,0.00%,0.00%,0.00%,,0.00%,0.00%,,0.00%,,,تنفيذ,,جديده,,,وحدة دعم بلديات المنطقة,,,,,,,,,,,0,,,,,,,0%,NaN,NaN,,,,NaN,NaN,,,,,,,0.00%,0.00%,21.43%,1.44%,2.86%,0.69%,0.96%,1.50%,0.00%,0.32%,0.75%,